Event Name,Date,Time
Project Kickoff,2023-01-15,10:00
System Design Meeting,2023-02-03,14:30
Code Review,2023-03-10,11:00
Sprint Planning,2023-04-12,09:00
Client Presentation,2023-05-20,15:00
Final Testing,2023-06-25,13:00
Launch Event,2023-07-01,08:00
Bug Fixing Session,2023-08-10,16:30
Team Retrospective,2023-09-02,10:00
UI/UX Workshop,2023-10-05,14:00
Database Migration,2023-11-14,18:00
Holiday Party,2023-12-22,19:00
Quarterly Review,2024-01-10,09:30
New Feature Brainstorming,2024-02-18,13:30
Security Audit,2024-03-22,15:30
All-Hands Meeting,2024-04-07,10:00
Marketing Campaign Launch,2024-05-15,12:00
End-of-Sprint Demo,2024-06-19,11:30
Hackathon,2024-07-23,09:00
Customer Feedback Session,2024-08-14,14:45
Product Roadmap Review,2024-09-09,11:15
Tech Conference,2024-10-20,09:00
Office Move,2024-11-12,08:00
Year-End Summary,2024-12-18,16:00
Product Maintenance,2024-01-15,12:30
Server Upgrade,2024-02-28,23:00
API Integration Testing,2024-03-19,17:00
Code Freeze,2024-04-28,15:45
App Deployment,2024-05-30,14:00
User Training,2024-06-17,10:00
Data Backup,2024-07-11,18:30
Compliance Review,2024-08-08,13:00
Feature Rollback,2024-09-22,20:00
Product Launch Party,2024-10-03,19:30
Maintenance Window,2024-11-25,02:00
Performance Tuning,2024-12-05,14:00
Incident Response,2024-01-22,03:00
Data Analysis,2024-02-12,09:00
System Downtime,2024-03-25,01:30
Load Testing,2024-04-18,13:15
Mobile App Update,2024-05-05,08:00
Patch Deployment,2024-06-26,19:30
Business Strategy Meeting,2024-07-29,15:00
UI Refresh,2024-08-18,10:30
Team Lunch,2024-09-01,12:00
Server Maintenance,2024-10-14,00:00
Release Management,2024-11-07,17:45
Infrastructure Scaling,2024-12-20,22:00
Documentation Review,2024-01-14,11:00
Module Integration,2024-02-03,16:00
Unit Testing,2024-03-10,14:30
Beta Release,2024-04-23,09:00
Stakeholder Meeting,2024-05-17,11:30
Technical Workshop,2024-06-05,14:45
Bug Triage,2024-07-10,10:00
User Acceptance Testing,2024-08-21,13:30
Data Migration,2024-09-28,18:00
Security Patch,2024-10-09,22:30
Cloud Infrastructure Review,2024-11-30,15:00
System Audit,2024-12-27,16:30
